SimTime,OUT1[23:0]
1,000000000000000000000000
1281,000000000000000000000000
2561,111111111110011100011110
3841,000000000011011011010110
5121,000000001100001101011000
6401,000000010100000010001010
7681,000000011011110011111110
8961,000000100011100001001100
10241,000000101011001110101100
11521,000000110010111101010110
12801,000000111010101001011100
14081,000001000010010000101010
15361,000001001001110101000000
16641,000001010001011011010010
17921,000001011000111011101010
19201,000001100000010111100110
20481,000001100111110000001000
21761,000001101111000110010010
23041,000001110110010110110100
24321,000001111101100001110000
25601,000010000100101001100100
26881,000010001011101101001000
28161,000010010010101010010000
29441,000010011001100001000100
30721,000010100000010001010100
32001,000010100110111101110010
33281,000010101101011111101000
34561,000010110011111110111100
35841,000010111010011001011000
37121,000011000000100110010110
38401,000011000110110010100100
39681,000011001100101111000010
40961,000011010010100110100100
42241,000011011000011001100100
43521,000011011110000010111110
44801,000011100011100001100110
46081,000011101000111000010000
47361,000011101110000111011100
48641,000011110011001100001000
49921,000011111000001000010010
51201,000011111100111011000000
52481,000100000001100010011100
53761,000100000101111110010010
55041,000100001010011000000100
56321,000100001110011100111010
57601,000100010010011100110100
58881,000100010110010011011100
60161,000100011001111101100010
61441,000100011101011101101110
62721,000100100000110001001110
64001,000100100011111001111000
65281,000100100110111000010000
66561,000100101001101100100010
67841,000100101100010011000000
69121,000100101110101010101110
70401,000100110001000000011010
71681,000100110011000010111110
72961,000100110100110101011100
74241,000100110110100101111010
75521,000100111000001000000110
76801,000100111001011011000010
78081,000100111010100011001100
79361,000100111011100000010010
80641,000100111100010000010100
81921,000100111100110011100010
83201,000100111101001001101000
84481,000100111101010110011000
85761,000100111101010101011100
87041,000100111101000111001100
88321,000100111100101111000010
89601,000100111100001010111110
90881,000100111011010111101110
92161,000100111010011010011000
93441,000100111001010000001010
94721,000100110111111010100110
96001,000100110110010111101010
97281,000100110100100110110000
98561,000100110010110010000010
99841,000100110000101001011000
101121,000100101110011010110110
102401,000100101011111001111100
103681,000100101001010001100100
104961,000100100110011110110000
106241,000100100011011111011000
107521,000100100000010011111000
108801,000100011100111110010110
110081,000100011001011011111010
111361,000100010101110011001100
112641,000100010001111001111110
113921,000100001101111100111100
115201,000100001001101011110000
116481,000100000101011010000000
117761,000100000000110111101100
119041,000011111100001111011010
120321,000011110111011011100110
121601,000011110010011111000100
122881,000011101101011010010010
124161,000011101000001000001110
125441,000011100010110000100010
126721,000011011101010000000000
128001,000011010111101000101100
129281,000011010001110011101110
130561,000011001011111001111100
131841,000011000101111000101000
133121,000010111111101101011010
134401,000010111001011110011110
135681,000010110011000110110010
136961,000010101100100110110000
138241,000010100110000001000110
139521,000010011111010101010000
140801,000010011000100010100100
142081,000010010001101110000100
143361,000010001010101011110010
144641,000010000011101001000110
145921,000001111100100010011110
147201,000001110101010100101100
148481,000001101110000110000000
149761,000001100110101101000110
151041,000001011111010110001010
152321,000001010111110101110010
153601,000001010000011011011000
154881,000001001000110000010110
156161,000001000001001010100010
157441,000000111001100101010010
158721,000000110001111001000000
160001,000000101010001001011100
161281,000000100010011010000100
162561,000000011010101100100010
163841,000000010010111001110110
165121,000000001011001001110100
166401,000000000011010101111110
167681,111111111011100001111100
168961,111111110011110001010100
170241,111111101100000010111000
171521,111111100100001101100010
172801,111111011100011101111110
174081,111111010100110001011000
175361,111111001101000010110000
176641,111111000101010101000110
177921,111110111101110000000000
179201,111110110110001010000100
180481,111110101110100100111110
181761,111110100111000011110000
183041,111110011111101001000010
184321,111110011000001101110110
185601,111110010000111100001010
186881,111110001001101000110110
188161,111110000010011101110010
189441,111101111011010110010110
190721,111101110100010101011010
192001,111101101101010100111000
193281,111101100110011101111110
194561,111101011111101111100010
195841,111101011001000010011100
197121,111101010010011110100100
198401,111101001100000000001000
199681,111101000101101000101110
200961,111100111111011001001000
202241,111100111001010010010100
203521,111100110011001110011100
204801,111100101101010100010000
206081,111100100111100111111000
207361,111100100001111111100010
208641,111100011100011101101000
209921,111100010111000110111110
211201,111100010001111001101010
212481,111100001100110011010000
213761,111100000111110111110100
215041,111100000011000110101100
216321,111011111110011101100110
217601,111011111001111111001100
218881,111011110101101100110110
220161,111011110001011111101100
221441,111011101101011111100010
222721,111011101001101111001100
224001,111011100110000010111100
225281,111011100010100010100100
226561,111011011111001111001100
227841,111011011100000101100110
229121,111011011001000111100100
230401,111011010110010100001000
231681,111011010011101101110000
232961,111011010001010010110000
234241,111011001111000100100110
235521,111011001100111110010110
236801,111011001011000011001110
238081,111011001001011011001100
239361,111011000111111000100010
240641,111011000110100101001110
241921,111011000101011100011010
243201,111011000100100001010000
244481,111011000011101111101100
245761,111011000011001011110100
247041,111011000010110101110000
248321,111011000010101001000010
249601,111011000010101011001100
250881,111011000010110111001000
252161,111011000011010001101010
253441,111011000011110101111100
254721,111011000100101000001110
256001,111011000101100101110000
257281,111011000110101111110100
258561,111011001000000110000010
259841,111011001001101001010110
261121,111011001011011111101100
262401,111011001101001001111110
263681,111011001111010010001100
264961,111011010001100110011100
266241,111011010100000100110100
267521,111011010110101110011110
268801,111011011001100010010110
270081,111011011100100000000110
271361,111011011111101011101110
272641,111011100011000001111100
273921,111011100110100010011010
275201,111011101010001111101100
276481,111011101110000100000010
277761,111011110010000100111010
279041,111011110110010011101100
280321,111011111010100111011000
281601,111011111111000111010000
282881,111100000011110000000100
284161,111100001000100101001100
285441,111100001101100001010000
286721,111100010010100110000100
288001,111100010111110101101010
289281,111100011101001111001110
290561,111100100010101111110000
291841,111100101000011010000100
293121,111100101110001010110000
294401,111100110100000110001010
295681,111100111010000111011000
296961,111101000000010010001100
298241,111101000110011111100110
299521,111101001100111000111100
300801,111101010011011100110010
302081,111101011001111110101000
303361,111101100000101000111000
304641,111101100111011101111100
305921,111101101110011001001100
307201,111101110101001111000000
308481,111101111100010100000110
309761,111110000011011100101100
311041,111110001010101001010110
312321,111110010001111110101110
313601,111110011001010001100010
314881,111110100000101011111110
316161,111110101000000111110000
317441,111110101111100110110110
318721,111110110111001111011000
320001,111110111110110100100110
321281,111111000110011100011110
322561,111111001110000111000100
323841,111111010101110101011000
325121,111111011101100011110010
326401,111111100101010101101000
327681,111111101101001001100000
328961,111111110100110011100110
330241,111111111100101000110000
331521,000000000100011110011100
332801,000000001100010000111000
334081,000000010011111100110000
335361,000000011011110000100000
336641,000000100011100001101000
337921,000000101011010000100000
339201,000000110010111101110000
340481,000000111010101000110010
341761,000001000010010000010110
343041,000001001001110100010000
344321,000001010001011101000010
345601,000001011000111011110010
346881,000001100000010110100000
348161,000001100111110000101010
349441,000001101111000010101010
350721,000001110110011001000000
352001,000001111101100011010100
353281,000010000100101100010110
354561,000010001011101110001100
355841,000010010010100101111010
357121,000010011001011111110110
358401,000010100000010011011100
359681,000010100110111100001110
360961,000010101101011110111000
362241,000010110100000001100000
363521,000010111010010111111100
364801,000011000000100110010100
366081,000011000110101111000000
367361,000011001100110000010110
368641,000011010010101000100000
369921,000011011000011010010010
371201,000011011110000001111010
372481,000011100011100001110100
373761,000011101000111010011110
375041,000011101110000111111110
376321,000011110011001011011110
377601,000011111000000111011000
378881,000011111100111010000000
380161,000100000001100001110100
381441,000100000101111111110110
382721,000100001010010011011110
384001,000100001110100000001100
385281,000100010010011101110100
386561,000100010110010011010110
387841,000100011001111101011010
389121,000100011101011101000000
390401,000100100000110001001010
391681,000100100011111011110110
392961,000100100110110110111010
394241,000100101001101010010000
395521,000100101100010011000100
396801,000100101110101101010110
398081,000100110001000011111110
399361,000100110011000100010010
400641,000100110100110001010010
401921,000100110110100110001010
403201,000100111000000111000000
404481,000100111001011010111110
405761,000100111010100011110000
407041,000100111011011111101010
408321,000100111100010000000110
409601,000100111100110010101010
410881,000100111101001010111100
412161,000100111101010110000000
413441,000100111101010110011000
414721,000100111101000111010000
416001,000100111100110000000110
417281,000100111100001001111010
418561,000100111011010111110000
419841,000100111010011001011110
421121,000100111001001111110100
422401,000100110111111010010000
423681,000100110110010111111110
424961,000100110100101011011100
426241,000100110010101110110100
427521,000100110000101001101000
428801,000100101110010110101010
430081,000100101011111100010100
431361,000100101001010011100010
432641,000100100110011101101100
433921,000100100011011111010010
435201,000100100000010011101000
436481,000100011100111110100110
437761,000100011001011101000100
439041,000100010101101110001000
440321,000100010001111110110010
441601,000100001101111010100010
442881,000100001001101100100000
444161,000100000101011001110110
445441,000100000000111000101000
446721,000011111100001110111100
448001,000011110111011101101100
449281,000011110010011110100000
450561,000011101101010111011010
451841,000011101000001010010110
453121,000011100010110000110010
454401,000011011101001110010100
455681,000011010111100101000110
456961,000011010001110111101110
458241,000011001011111010110000
459521,000011000101111000000100
460801,000010111111101110010010
462081,000010111001011111001000
463361,000010110011000101110010
464641,000010101100100110010100
465921,000010100110000001111110
467201,000010011111010100100100
468481,000010011000100011111110
469761,000010010001101101101000
471041,000010001010101010111100
472321,000010000011101001101110
473601,000001111100100010010010
474881,000001110101010101110010
476161,000001101110000010001010
477441,000001100110110000001100
478721,000001011111010011100110
480001,000001010111111001011010
481281,000001010000010111010100
482561,000001001000110001001100
483841,000001000001001011101110
485121,000000111001100110100000
486401,000000110001110111000000
487681,000000101010001001101110
488961,000000100010011100010000
490241,000000011010101101000010
491521,000000010010110101011010
492801,000000001011001010111010
494081,000000000011010111011000
495361,111111111011100010101000
496641,111111110011110001100010
497921,111111101011111111110100
499201,111111100100001101111000
500481,111111011100100000011000
501761,111111010100110000110000
503041,111111001101000000110110
504321,111111000101010111001000
505601,111110111101110000100110
506881,111110110110001010101110
508161,111110101110100010010010
509441,111110100111000101101000
510721,111110011111100111001010
512001,111110011000010001001000
513281,111110010000110111010010
514561,111110001001101011100110
515841,111110000010011100011010
517121,111101111011011000000110
518401,111101110100010011011010
519681,111101101101010101001000
520961,111101100110011111011000
522241,111101011111101110100100
523521,111101011001000011000010
524801,111101010010011110011010
526081,111101001011111111010110
527361,111101000101101001000000
528641,111100111111011010100100
529921,111100111001010000110100
531201,111100110011010000110010
532481,111100101101010110110100
533761,111100100111100100100010
535041,111100100001111101110100
536321,111100011100011110010110
537601,111100010111001000011010
538881,111100010001110110111000
540161,111100001100110011101110
541441,111100000111111000101110
542721,111100000011000110110010
544001,111011111110011110101100
545281,111011111001111110001000
546561,111011110101101110010000
547841,111011110001011110011110
549121,111011101101100010000100
550401,111011101001101100001000
551681,111011100110000010111010
552961,111011100010100011001110
554241,111011011111001110110010
555521,111011011100000100101110
556801,111011011001000111111100
558081,111011010110010110000000
559361,111011010011101111000000
560641,111011010001010000001000
561921,111011001111000001111010
563201,111011001100111101111000
564481,111011001011001000011100
565761,111011001001011001100100
567041,111011000111111000101100
568321,111011000110100100101100
569601,111011000101011100010000
570881,111011000100100000100000
572161,111011000011101110101110
573441,111011000011001101001100
574721,111011000010110101111110
576001,111011000010101001110100
577281,111011000010101010100100
578561,111011000010111001001010
579841,111011000011010000001100
581121,111011000011110101111110
582401,111011000100100111011000
583681,111011000101100110011000
584961,111011000110101111110110
586241,111011001000000101000010
587521,111011001001101001010100
588801,111011001011011010111110
590081,111011001101001100010110
591361,111011001111010101001100
592641,111011010001101010110100
593921,111011010100000010001010
595201,111011010110101100110100
596481,111011011001100001110010
597761,111011011100100001101000
599041,111011011111101011110000
600321,111011100011000001100000
601601,111011100110100010010110
602881,111011101010001110110000
604161,111011101110000110100000
605441,111011110010000110110100
606721,111011110110001111100100
608001,111011111010101000111010
609281,111011111111000110100110
610561,111100000011101111100100
611841,111100001000100010101100
613121,111100001101100001101000
614401,111100010010100111011010
615681,111100010111110111000000
616961,111100011101001111101110
618241,111100100010101110111100
619521,111100101000011001110110
620801,111100101110001110010100
622081,111100110100000101101110
623361,111100111010000100111100
624641,111101000000010001000010
625921,111101000110011111011000
627201,111101001100111011011000
628481,111101010011011011001110
629761,111101011001111101010100
631041,111101100000101011011100
632321,111101100111011100011110
633601,111101101110010011100110
634881,111101110101010010010110
636161,111101111100010110010100
637441,111110000011011110001100
638721,111110001010101010101010
640001,111110010001111011000110
641281,111110011001010010011110
642561,111110100000101011000110
643841,111110101000000111101000
645121,111110101111101000100000
646401,111110110111001111011000
647681,111110111110110100010000
648961,111111000110011010101010
650241,111111001110001000101000
651521,111111010101110110011100
652801,111111011101100100010000
654081,111111100101010010010010
655361,111111101101000011111110
656641,111111110100111000100100
657921,111111111100101011110100
659201,000000000100011101000100
660481,000000001100001101011000
661761,000000010011111110011010
663041,000000011011110011111110
664321,000000100011100010001110
665601,000000101011010010110000
666881,000000110010111011101110
668161,000000111010100101110010
669441,000001000010010001100000
670721,000001001001110101110110
672001,000001010001011011111010
673281,000001011000111010010000
674561,000001100000011000111110
675841,000001100111101111011100
677121,000001101111000100010100
678401,000001110110011000101010
679681,000001111101100010101000
680961,000010000100101001111010
682241,000010001011101100000010
683521,000010010010101001011110
684801,000010011001100000111010
686081,000010100000010010010110
687361,000010100110111101011000
688641,000010101101100001011010
689921,000010110011111111001000
691201,000010111010010111011110
692481,000011000000100110001100
693761,000011000110101101011010
695041,000011001100101111111110
696321,000011010010101001100110
697601,000011011000011010111100
698881,000011011110000001000100
700161,000011100011100010011010
701441,000011101000111001010100
702721,000011101110001010011000
704001,000011110011001101101100
705281,000011111000000100000100
706561,000011111100111000110100
707841,000100000001100011000100
709121,000100000110000000011000
710401,000100001010010001010000
711681,000100001110100001111100
712961,000100010010011111000000
714241,000100010110010010110100
715521,000100011001111101011110
716801,000100011101011100111100
718081,000100100000110001110010
719361,000100100011111001001100
720641,000100100110111000110010
721921,000100101001101010011110
723201,000100101100010001111010
724481,000100101110101110011000
725761,000100110000111011110110
727041,000100110010111111101010
728321,000100110100111100111000
729601,000100110110100111000110
730881,000100111000000110111010
732161,000100111001011010101110
733441,000100111010100011011010
734721,000100111011011111000110
736001,000100111100001110100100
737281,000100111100110100000100
738561,000100111101001100000000
739841,000100111101010110011000
741121,000100111101010101100010
742401,000100111101001000011010
743681,000100111100101110110010
744961,000100111100001001010100
746241,000100111011010111000110
747521,000100111010011011100010
748801,000100111001010000000000
750081,000100110111111001100110
751361,000100110110010111110110
752641,000100110100101110111110
753921,000100110010101100010000
755201,000100110000101000100010
756481,000100101110011010001100
757761,000100101011111010000000
759041,000100101001010001101010
760321,000100100110011110010000
761601,000100100011011111101110
762881,000100100000010011111000
764161,000100011100111100111000
765441,000100011001011110000110
766721,000100010101110001000100
768001,000100010001111010110000
769281,000100001101110111111110
770561,000100001001110000101000
771841,000100000101011000101000
773121,000100000000111010101000
774401,000011111100001101100000
775681,000011110111011110011100
776961,000011110010011110000100
778241,000011101101010110011110
779521,000011101000001001111100
780801,000011100010110001110000
782081,000011011101010000111000
783361,000011010111100101111110
784641,000011010001110101010100
785921,000011001011111001000100
787201,000011000101111000100000
788481,000010111111101111011100
789761,000010111001011111100110
791041,000010110011000100111100
792321,000010101100100101010010
793601,000010100110000001001100
794881,000010011111010110101000
796161,000010011000100001111000
797441,000010010001101100100000
798721,000010001010101011100100
800001,000010000011101011000110
801281,000001111100100011000100
802561,000001110101011000100110
803841,000001101110000000111110
805121,000001100110101101100010
806401,000001011111010101011110
807681,000001010111110111010010
808961,000001010000010110010000
810241,000001001000110010111110
811521,000001000001001101010110
812801,000000111001100011101100
814081,000000110001110111010100
815361,000000101010001011111000
816641,000000100010011010111010
817921,000000011010101011000000
819201,000000010010111100101010
820481,000000001011000111111000
821761,000000000011010101101110
823041,111111111011100100000110
824321,111111110011110000111100
825601,111111101011111111010000
826881,111111100100001110100110
828161,111111011100011110111110
829441,111111010100101111011000
830721,111111001101000100100010
832001,111111000101010110010110
833281,111110111101101101111100
834561,111110110110001011110010
835841,111110101110100100000110
837121,111110100111000100100110
838401,111110011111100110111010
839681,111110011000001101101110
840961,111110010000110111001000
842241,111110001001101110110010
843521,111110000010011100111110
844801,111101111011010011101100
846081,111101110100010010010010
847361,111101101101011011001100
848641,111101100110011111111000
849921,111101011111101110001100
851201,111101011001000001000110
852481,111101010010011100100100
853761,111101001100000001110000
855041,111101000101101001111010
856321,111100111111011000010110
857601,111100111001001110000100
858881,111100110011010000000010
860161,111100101101011010000110
861441,111100100111101000101010
862721,111100100001111101101010
864001,111100011100011101010110
865281,111100010111000101010010
866561,111100010001110110011100
867841,111100001100110100110000
869121,111100000111111001001110
870401,111100000011000110101110
871681,111011111110011101111100
872961,111011111010000000110000
874241,111011110101101110010000
875521,111011110001011101000100
876801,111011101101100001111010
878081,111011101001101100111110
879361,111011100110000010110000
880641,111011100010100011111000
881921,111011011111001111000100
883201,111011011100000101001110
884481,111011011001000110100100
885761,111011010110010101001000
887041,111011010011101100010110
888321,111011010001010101111000
889601,111011001110111101110000
890881,111011001100111011010010
892161,111011001011001100110100
893441,111011001001010111100110
894721,111011000111111010111000
896001,111011000110100110001000
897281,111011000101011100000010
898561,111011000100100000010000
899841,111011000011110000010010
901121,111011000011001100010010
902401,111011000010110100011100
903681,111011000010101010010000
904961,111011000010101001011000
906241,111011000010111000111000
907521,111011000011010000101100
908801,111011000011110110001000
910081,111011000100101000101000
911361,111011000101100110100010
912641,111011000110101111011000
913921,111011001000000111011010
915201,111011001001100101110110
916481,111011001011010111011100
917761,111011001101001111100000
919041,111011001111010110011000
920321,111011010001100110001000
921601,111011010100000101011110
922881,111011010110101110011110
924161,111011011001100001010000
925441,111011011100100000111010
926721,111011011111101100011000
928001,111011100011000001100000
929281,111011100110100011011110
930561,111011101010010000101100
931841,111011101110000101010000
933121,111011110010001010101000
934401,111011110110001011011100
935681,111011111010100101010100
936961,111011111111001000001100
938241,111100000011110000011100
939521,111100001000100010000000
940801,111100001101100010000010
942081,111100010010101000110000
943361,111100010111110101100110
944641,111100011101001110010110
945921,111100100010110000010110
947201,111100101000011001000010
948481,111100101110001100111100
949761,111100110100000100100110
951041,111100111010001000101100
952321,111101000000010001000010
953601,111101000110100101111010
954881,111101001100111000010110
956161,111101010011010101111100
957441,111101011001111111110100
958721,111101100000101000011000
960001,111101100111011110010110
961281,111101101110010010000100
962561,111101110101010110000110
963841,111101111100010101011000
965121,111110000011011101111100
966401,111110001010101110011010
967681,111110010001111000010100
968961,111110011001001111101100
970241,111110100000101011101100
971521,111110101000001000111000
972801,111110101111101001101010
974081,111110110111001100010100
975361,111110111110110011110000
976641,111111000110011010111100
977921,111111001110001000011110
979201,111111010101110110110100
980481,111111011101100100000010
981761,111111100101010101001000
983041,111111101101000010101000
984321,111111110100111010001110
985601,111111111100101010010010
986881,000000000100011001111010
988161,000000001100001111100100
989441,000000010100000000100000
990721,000000011011110010001000
992001,000000100011100010001010
993281,000000101011001110100000
994561,000000110010111101110010
995841,000000111010101000111100
997121,000001000010010001000100
998401,000001001001111010111010
999681,000001010001010110010010
1000961,000001011000111010001100
1002241,000001100000010110101100
1003521,000001100111110001000010
1004801,000001101111000111011110
1006081,000001110110010110000000
1007361,000001111101100010111110
1008641,000010000100101001000010
1009921,000010001011101100100010
1011201,000010010010101011010110
1012481,000010011001100000101100
1013761,000010100000010001011010
1015041,000010100110111100110010
1016321,000010101101100010100010
1017601,000010110011111111110000
1018881,000010111010010101101010
1020161,000011000000100110101100
1021441,000011000110101101011010
1022721,000011001100101111111100
1024001,000011010010101011101000
1025281,000011011000011001000010
1026561,000011011110000010100110
1027841,000011100011100001111110
1029121,000011101000111000111100
1030401,000011101110000110001010
1031681,000011110011001100000000
1032961,000011111000001001001000
1034241,000011111100111001110000
1035521,000100000001100001111000
1036801,000100000110000000000100
1038081,000100001010010001010110
1039361,000100001110100001111000
1040641,000100010010011101100010
1041921,000100010110010101001110
1043201,000100011001111101110010
1044481,000100011101011011111010
1045761,000100100000110000011010
1047041,000100100011111011101000
1048321,000100100110110111101000
1049601,000100101001101011111010
1050881,000100101100010011001100
1052161,000100101110101100010110
1053441,000100110000111011101000
1054721,000100110011000000001000
1056001,000100110100111101000100
1057281,000100110110100101000110
1058561,000100111000000111101000
1059841,000100111001011011001100
1061121,000100111010100011011110
1062401,000100111011011111101100
1063681,000100111100001110101110
1064961,000100111100110011100010
1066241,000100111101001100000110
1067521,000100111101010110000100
1068801,000100111101010101100110
1070081,000100111101001001101000
1071361,000100111100101110010010
1072641,000100111100001001000000
1073921,000100111011011000100000
1075201,000100111010011001111010
1076481,000100111001001111011010
1077761,000100110111111011000100
1079041,000100110110010110001100
1080321,000100110100101110001000
1081601,000100110010101100000000
1082881,000100110000101010001010
1084161,000100101110011001000110
1085441,000100101011111010000110
1086721,000100101001010011011110
1088001,000100100110011100101100
1089281,000100100011011110110110
1090561,000100100000010100000100
1091841,000100011100111111101010
1093121,000100011001011100010000
1094401,000100010101110010100010
1095681,000100010001111000111000
1096961,000100001101110100101000
1098241,000100001001110100000110
1099521,000100000101011000110100
1100801,000100000000111010000010
1102081,000011111100001111101100
1103361,000011110111011100111110
1104641,000011110010011110110010
1105921,000011101101011000101110
1107201,000011101000001000110010
1108481,000011100010110001000110
1109761,000011011101010000000010
1111041,000011010111100110010110
1112321,000011010001110010110000
1113601,000011001011111011111110
1114881,000011000101110111101000
1116161,000010111111101111101010
1117441,000010111001011100001100
1118721,000010110011001000000100
1120001,000010101100100111101100
1121281,000010100110000000000010
1122561,000010011111010101111010
1123841,000010011000100010100110
1125121,000010010001101001011100
1126401,000010001010101111110100
1127681,000010000011101001110110
1128961,000001111100100010100100
1130241,000001110101010110101110
1131521,000001101110000010000110
1132801,000001100110101110001000
1134081,000001011111010101011100
1135361,000001010111110111100110
1136641,000001010000010010001110
1137921,000001001000111000000100
1139201,000001000001001100010000
1140481,000000111001100000011100
1141761,000000110001111010100110
1143041,000000101010001010101100
1144321,000000100010011100000100
1145601,000000011010101011111110
1146881,000000010010111100111010
1148161,000000001011000110101100
1149441,000000000011010111000000
1150721,111111111011100011101110
1152001,111111110011110001110000
1153281,111111101011111101100100
1154561,111111100100001110001110
1155841,111111011100011110110110
1157121,111111010100101110101100
1158401,111111001101000001010100
1159681,111111000101011010101010
1160961,111110111101101110001000
1162241,111110110110000100100110
1163521,111110101110101001110100
1164801,111110100111000101000010
1166081,111110011111100111110000
1167361,111110011000001111100110
1168641,111110010000111100101010
1169921,111110001001100111011110
1171201,111110000010011101010000
1172481,111101111011010110000100
1173761,111101110100010010011100
1175041,111101101101010110111110
1176321,111101100110100000100100
1177601,111101011111101101011010
1178881,111101011001000100011110
1180161,111101010010011100111110
1181441,111101001011111110110010
1182721,111101000101101010101100
1184001,111100111111011001001100
1185281,111100111001010000100110
1186561,111100110011001111000000
1187841,111100101101011000110010
1189121,111100100111100110000010
1190401,111100100001111101111100
1191681,111100011100011110011000
1192961,111100010111000110101010
1194241,111100010001111001100000
1195521,111100001100110100000100
1196801,111100000111110110100110
1198081,111100000011000110001010
1199361,111011111110011101001110
1200641,111011111001111110011100
1201921,111011110101100110011000
1203201,111011110001101000000010
1204481,111011101101100010000110
1205761,111011101001101100011010
1207041,111011100110000011000100
1208321,111011100010100001111000
1209601,111011011111001110010010
1210881,111011011100000110010000
1212161,111011011001001000110010
1213441,111011010110010100011000
1214721,111011010011101110011110
1216001,111011010001010010011110
1217281,111011001111000011011000
1218561,111011001100111111010000
1219841,111011001011000011110100
1221121,111011001001011010101110
1222401,111011000111110111111010
1223681,111011000110100101101010
1224961,111011000101011100110110
1226241,111011000100011111010010
1227521,111011000011110001101110
1228801,111011000011001100111000
1230081,111011000010110011110000
1231361,111011000010101010000100
1232641,111011000010101010000000
1233921,111011000010110110111000
1235201,111011000011010000111100
1236481,111011000011110111001000
1237761,111011000100101000010100
1239041,111011000101100101101100
1240321,111011000110101111110000
1241601,111011001000000101011110
1242881,111011001001101001010110
1244161,111011001011010010010110
1245441,111011001101010011110000
1246721,111011001111010110101000
1248001,111011010001101000111010
1249281,111011010100000011000100
1250561,111011010110101101000000
1251841,111011011001100010100100
1253121,111011011100100000000110
1254401,111011011111101100101110
1255681,111011100011000010110110
1256961,111011100110100010100000
1258241,111011101010001011111100
1259521,111011101110000110000110
1260801,111011110010000100010010
1262081,111011110110010011110000
1263361,111011111010100111010110
1264641,111011111111000111011000
1265921,111100000011110000010110
1267201,111100001000100011011100
1268481,111100001101100000111010
1269761,111100010010100111101110
1271041,111100010111110111110100
1272321,111100011101001110001010
1273601,111100100010101111111100
1274881,111100101000011010001100
1276161,111100101110001000011100
1277441,111100110100000111100010
1278721,111100111010000111111000
1280001,111101000000010001010010
1281281,111101000110100011010110
1282561,111101001100111010000010
1283841,111101010011010111110000
1285121,111101011001111111010100
1286401,111101100000101011000100
1287681,111101100111011100100110
1288961,111101101110010010011100
1290241,111101110101010011101110
1291521,111101111100010110000000
1292801,111110000011011101111110
1294081,111110001010101001111010
1295361,111110010001111011001000
1296641,111110011001010001001010
1297921,111110100000101100001000
1299201,111110101000001000111010
1300481,111110101111101110011010
1301761,111110110111001000010000
1303041,111110111110110011110100
1304321,111111000110011011110110
1305601,111111001110000111101010
1306881,111111010101110111000010
1308161,111111011101100011011010
1309441,111111100101010011111010
1310721,111111101101000100101000
1312001,111111110100111000000100
1313281,111111111100101011010000
1314561,000000000100011010110010
1315841,000000001100001101101010
1317121,000000010100000010101010
1318401,000000011011110000110010
1319681,000000100011100001100100
1320961,000000101011001110100000
1322241,000000110010111101001110
1323521,000000111010101010000100
1324801,000001000010010000000100
1326081,000001001001111000101010
1327361,000001010001011001011110
1328641,000001011000111010110100
1329921,000001100000010111010010
1331201,000001100111110011010110
1332481,000001101111001000010010
1333761,000001110110010010100000
1335041,000001111101100011000000
1336321,000010000100101001110010
1337601,000010001011101001110010
1338881,000010010010101011010000
1340161,000010011001011111001010
1341441,000010100000010101000100
1342721,000010100110111011001010
1344001,000010101101100101111110
1345281,000010110100000000000010
1346561,000010111010010011010000
1347841,000011000000100110101000
1349121,000011000110101110110000
1350401,000011001100110000001000
1351681,000011010010101000010000
1352961,000011011000011010000110
1354241,000011011110000010000010
1355521,000011100011100010110110
1356801,000011101000111001011100
1358081,000011101110000101110010
1359361,000011110011001100001100
1360641,000011111000001000101110
1361921,000011111100111010001000
1363201,000100000001100001000110
1364481,000100000110000011000000
1365761,000100001010011010010000
1367041,000100001110011001001000
1368321,000100010010011110101010
1369601,000100010110010001011100
1370881,000100011001111100100100
1372161,000100011101011101011010
1373441,000100100000110000110110
1374721,000100100011111010110000
1376001,000100100110111000101100
1377281,000100101001101001110100
1378561,000100101100010001011000
1379841,000100101110101111101010
1381121,000100110000111100111000
1382401,000100110011000001010110
1383681,000100110100111010100010
1384961,000100110110100111101000
1386241,000100111000000101011110
1387521,000100111001011011111010
1388801,000100111010100010101110
1390081,000100111011011111000010
1391361,000100111100010000001000
1392641,000100111100110011010110
1393921,000100111101001010001100
1395201,000100111101010111011010
1396481,000100111101010100011110
1397761,000100111101001001010100
1399041,000100111100101111011010
1400321,000100111100001001101100
1401601,000100111011010111111110
1402881,000100111010011010100010
1404161,000100111001001110101100
1405441,000100110111111000011000
1406721,000100110110011001100010
1408001,000100110100100010000110
1409281,000100110010110101101010
1410561,000100110000101100101000
1411841,000100101110010101000110
1413121,000100101011111101110110
1414401,000100101001010001110010
1415681,000100100110011111011110
1416961,000100100011011111000010
1418241,000100100000010100000110
1419521,000100011100111101001000
1420801,000100011001011101000000
1422081,000100010101110001010100
1423361,000100010001111011001110
1424641,000100001101111100100110
1425921,000100001001101100011000
1427201,000100000101011000100010
1428481,000100000000110111101100
1429761,000011111100010000001100
1431041,000011110111011000110000
1432321,000011110010011111111000
1433601,000011101101011011010110
1434881,000011101000001010110000
1436161,000011100010110001110100
1437441,000011011101001111011100
1438721,000011010111100100011010
1440001,000011010001101111111110
1441281,000011001011111100111000
1442561,000011000101111001110010
1443841,000010111111110000001010
1445121,000010111001011100101100
1446401,000010110011000100110000
1447681,000010101100101001100110
1448961,000010100110000010011110
1450241,000010011111010101000100
1451521,000010011000100011000000
1452801,000010010001100101000010
1454081,000010001010110001101000
1455361,000010000011101011000000
1456641,000001111100100010001110
1457921,000001110101010000011010
1459201,000001101110000111111110
1460481,000001100110101111100110
1461761,000001011111010110001100
1463041,000001010111111000010110
1464321,000001010000010111001100
1465601,000001001000110000110010
1466881,000001000001001101000110
1468161,000000111001100100001110
1469441,000000110001110110110100
1470721,000000101010001011011100
1472001,000000100010011011001110
1473281,000000011010101011011000
1474561,000000010010111011011100
1475841,000000001011001000010010
1477121,000000000011010110000110
1478401,111111111011100100011100
1479681,111111110011110001110010
1480961,111111101011111101010110
1482241,111111100100001111011010
1483521,111111011100011110101010
1484801,111111010100101111101000
1486081,111111001101000011000110
1487361,111111000101010110110110
1488641,111110111101101110110100
1489921,111110110110001000010000
1491201,111110101110100110000010
1492481,111110100111000101100110
1493761,111110011111100111101100
1495041,111110011000010001000110
1496321,111110010000111100010110
1497601,111110001001100101100000
1498881,111110000010011101100110
1500161,111101111011010101011100
1501441,111101110100010100100100
1502721,111101101101010101101110
1504001,111101100110100000110000
1505281,111101011111101100101010
1506561,111101011001000011010010
1507841,111101010010100000000110
1509121,111101001100000000111000
1510401,111101000101100111101110
1511681,111100111111011000111110
1512961,111100111001010000101000
1514241,111100110011010000111000
1515521,111100101101010111000010
1516801,111100100111100110101010
1518081,111100100001111011111110
1519361,111100011100011110001110
1520641,111100010111000110000110
1521921,111100010001111011110100
1523201,111100001100110011000100
1524481,111100000111110111010100
1525761,111100000011000111010010
1527041,111011111110011100011110
1528321,111011111001111111110000
1529601,111011110101101000011010
1530881,111011110001100100000000
1532161,111011101101100010011100
1533441,111011101001101100000100
1534721,111011100110000010010010
1536001,111011100010100100011110
1537281,111011011111001110101110
1538561,111011011100000100011000
1539841,111011011001001000000000
1541121,111011010110010110010010
1542401,111011010011101110011000
1543681,111011010001010000111010
1544961,111011001111000101011010
1546241,111011001100111111011000
1547521,111011001011000001111110
1548801,111011001001011001100100
1550081,111011000111111010001000
1551361,111011000110100100001010
1552641,111011000101011011011000
1553921,111011000100100001001110
1555201,111011000011110000101000
1556481,111011000011001101000010
1557761,111011000010110100101010
1559041,111011000010101001110010
1560321,111011000010101010101100
1561601,111011000010110110000000
1562881,111011000011010000110110
1564161,111011000011110111010010
1565441,111011000100101000101000
1566721,111011000101100110000110
1568001,111011000110110000011010
1569281,111011001000000110010000
1570561,111011001001100111010000
1571841,111011001011010010010100
1573121,111011001101010011100100
1574401,111011001111010111001000
1575681,111011010001100110000110
1576961,111011010100000110011010
1578241,111011010110101101000000
1579521,111011011001100001011000
1580801,111011011100100010011110
1582081,111011011111101011011010
1583361,111011100011000010001000
1584641,111011100110100010101000
1585921,111011101010001110001100
1587201,111011101110000100110000
1588481,111011110010000010111010
1589761,111011110110010100111000
1591041,111011111010100111110000
1592321,111011111111000101011100
1593601,111100000011110010001000
1594881,111100001000101000111100
1596161,111100001101011101010110
1597441,111100010010100100100110
1598721,111100010111110110101100
1600001,111100011101001110100000
1601281,111100100010110001000000
1602561,111100101000011000100000
1603841,111100101110001010110110
1605121,111100110100000110001000
1606401,111100111010001000110000
1607681,111101000000010001111000
1608961,111101000110100001011100
1610241,111101001100111011000100
1611521,111101010011011000011010
1612801,111101011001111111000000
1614081,111101100000101010000000
1615361,111101100111011011111010
1616641,111101101110010101111000
1617921,111101110101010010010100
1619201,111101111100010110000110
1620481,111110000011011101001000
1621761,111110001010101000110100
1623041,111110010001111101111000
1624321,111110011001010010101000
1625601,111110100000101001100100
1626881,111110101000001001101100
1628161,111110101111100110100110
1629441,111110110111001111110000
1630721,111110111110110010100010
1632001,111111000110011111111110
1633281,111111001110001000010000
1634561,111111010101110011010100
1635841,111111011101100010110000
1637121,111111100101010010100000
1638401,111111101101001000010110
1639681,111111110100110111011010
1640961,111111111100101001100100
1642241,000000000100011010000100
1643521,000000001100001101011000
1644801,000000010100000010001010
1646081,000000011011110011111110
1647361,000000100011100001001100
1648641,000000101011001110101100
1649921,000000110010111101010110
1651201,000000111010101001011100
1652481,000001000010010000101010
1653761,000001001001110101000000
1655041,000001010001011011010010
1656321,000001011000111011101010
1657601,000001100000010111100110
1658881,000001100111110000001000
1660161,000001101111000110010010
1661441,000001110110010110110100
1662721,000001111101100001110000
1664001,000010000100101001100100
1665281,000010001011101101001000
1666561,000010010010101010010000
1667841,000010011001100001000100
1669121,000010100000010001010100
1670401,000010100110111101110010
1671681,000010101101011111101000
1672961,000010110011111110111100
1674241,000010111010011001011000
1675521,000011000000100110010110
1676801,000011000110110010100100
1678081,000011001100101111000010
1679361,000011010010100110100100
1680641,000011011000011001100100
1681921,000011011110000010111110
1683201,000011100011100001100110
1684481,000011101000111000010000
1685761,000011101110000111011100
1687041,000011110011001100001000
1688321,000011111000001000010010
1689601,000011111100111011000000
1690881,000100000001100010011100
1692161,000100000101111110010010
1693441,000100001010011000000100
1694721,000100001110011100111010
1696001,000100010010011100110100
1697281,000100010110010011011100
1698561,000100011001111101100010
1699841,000100011101011101101110
1701121,000100100000110001001110
1702401,000100100011111001111000
1703681,000100100110111000010000
1704961,000100101001101100100010
1706241,000100101100010011000000
1707521,000100101110101010101110
1708801,000100110001000000011010
1710081,000100110011000010111110
1711361,000100110100110101011100
1712641,000100110110100101111010
1713921,000100111000001000000110
1715201,000100111001011011000010
1716481,000100111010100011001100
1717761,000100111011100000010010
1719041,000100111100010000010100
1720321,000100111100110011100010
1721601,000100111101001001101000
1722881,000100111101010110011000
1724161,000100111101010101011100
1725441,000100111101000111001100
1726721,000100111100101111000010
1728001,000100111100001010111110
1729281,000100111011010111101110
1730561,000100111010011010011000
1731841,000100111001010000001010
1733121,000100110111111010100110
1734401,000100110110010111101010
1735681,000100110100100110110000
1736961,000100110010110010000010
1738241,000100110000101001011000
1739521,000100101110011010110110
1740801,000100101011111001111100
1742081,000100101001010001100100
1743361,000100100110011110110000
1744641,000100100011011111011000
1745921,000100100000010011111000
1747201,000100011100111110010110
1748481,000100011001011011111010
1749761,000100010101110011001100
1751041,000100010001111001111110
1752321,000100001101111100111100
1753601,000100001001101011110000
1754881,000100000101011010000000
1756161,000100000000110111101100
1757441,000011111100001111011010
1758721,000011110111011011100110
1760001,000011110010011111000100
1761281,000011101101011010010010
1762561,000011101000001000001110
1763841,000011100010110000100010
1765121,000011011101010000000000
1766401,000011010111101000101100
1767681,000011010001110011101110
1768961,000011001011111001111100
1770241,000011000101111000101000
1771521,000010111111101101011010
1772801,000010111001011110011110
1774081,000010110011000110110010
1775361,000010101100100110110000
1776641,000010100110000001000110
1777921,000010011111010101010000
1779201,000010011000100010100100
1780481,000010010001101110000100
1781761,000010001010101011110010
1783041,000010000011101001000110
1784321,000001111100100010011110
1785601,000001110101010100101100
1786881,000001101110000110000000
1788161,000001100110101101000110
1789441,000001011111010110001010
1790721,000001010111110101110010
1792001,000001010000011011011000
1793281,000001001000110000010110
1794561,000001000001001010100010
1795841,000000111001100101010010
1797121,000000110001111001000000
1798401,000000101010001001011100
1799681,000000100010011010000100
1800961,000000011010101100100010
1802241,000000010010111001110110
1803521,000000001011001001110100
1804801,000000000011010101111110
1806081,111111111011100001111100
1807361,111111110011110001010100
1808641,111111101100000010111000
1809921,111111100100001101100010
1811201,111111011100011101111110
1812481,111111010100110001011000
1813761,111111001101000010110000
1815041,111111000101010101000110
1816321,111110111101110000000000
1817601,111110110110001010000100
1818881,111110101110100100111110
1820161,111110100111000011110000
1821441,111110011111101001000010
1822721,111110011000001101110110
1824001,111110010000111100001010
1825281,111110001001101000110110
1826561,111110000010011101110010
1827841,111101111011010110010110
1829121,111101110100010101011010
1830401,111101101101010100111000
1831681,111101100110011101111110
1832961,111101011111101111100010
1834241,111101011001000010011100
1835521,111101010010011110100100
1836801,111101001100000000001000
1838081,111101000101101000101110
1839361,111100111111011001001000
1840641,111100111001010010010100
1841921,111100110011001110011100
1843201,111100101101010100010000
1844481,111100100111100111111000
1845761,111100100001111111100010
1847041,111100011100011101101000
1848321,111100010111000110111110
1849601,111100010001111001101010
1850881,111100001100110011010000
1852161,111100000111110111110100
1853441,111100000011000110101100
1854721,111011111110011101100110
1856001,111011111001111111001100
1857281,111011110101101100110110
1858561,111011110001011111101100
1859841,111011101101011111100010
1861121,111011101001101111001100
1862401,111011100110000010111100
1863681,111011100010100010100100
1864961,111011011111001111001100
1866241,111011011100000101100110
1867521,111011011001000111100100
1868801,111011010110010100001000
1870081,111011010011101101110000
1871361,111011010001010010110000
1872641,111011001111000100100110
1873921,111011001100111110010110
1875201,111011001011000011001110
1876481,111011001001011011001100
1877761,111011000111111000100010
1879041,111011000110100101001110
1880321,111011000101011100011010
1881601,111011000100100001010000
1882881,111011000011101111101100
1884161,111011000011001011110100
1885441,111011000010110101110000
1886721,111011000010101001000010
1888001,111011000010101011001100
1889281,111011000010110111001000
1890561,111011000011010001101010
1891841,111011000011110101111100
1893121,111011000100101000001110
1894401,111011000101100101110000
1895681,111011000110101111110100
1896961,111011001000000110000010
1898241,111011001001101001010110
1899521,111011001011011111101100
1900801,111011001101001001111110
1902081,111011001111010010001100
1903361,111011010001100110011100
1904641,111011010100000100110100
1905921,111011010110101110011110
1907201,111011011001100010010110
1908481,111011011100100000000110
1909761,111011011111101011101110
1911041,111011100011000001111100
1912321,111011100110100010011010
1913601,111011101010001111101100
1914881,111011101110000100000010
1916161,111011110010000100111010
1917441,111011110110010011101100
1918721,111011111010100111011000
1920001,111011111111000111010000
1921281,111100000011110000000100
1922561,111100001000100101001100
1923841,111100001101100001010000
1925121,111100010010100110000100
1926401,111100010111110101101010
1927681,111100011101001111001110
1928961,111100100010101111110000
1930241,111100101000011010000100
1931521,111100101110001010110000
1932801,111100110100000110001010
1934081,111100111010000111011000
1935361,111101000000010010001100
1936641,111101000110011111100110
1937921,111101001100111000111100
1939201,111101010011011100110010
1940481,111101011001111110101000
1941761,111101100000101000111000
1943041,111101100111011101111100
1944321,111101101110011001001100
1945601,111101110101001111000000
1946881,111101111100010100000110
1948161,111110000011011100101100
1949441,111110001010101001010110
1950721,111110010001111110101110
1952001,111110011001010001100010
1953281,111110100000101011111110
1954561,111110101000000111110000
1955841,111110101111100110110110
1957121,111110110111001111011000
1958401,111110111110110100100110
1959681,111111000110011100011110
1960961,111111001110000111000100
1962241,111111010101110101011000
1963521,111111011101100011110010
1964801,111111100101010101101000
1966081,111111101101001001100000
1967361,111111110100110011100110
1968641,111111111100101000110000
1969921,000000000100011110011100
1971201,000000001100010000111000
1972481,000000010011111100110000
1973761,000000011011110000100000
1975041,000000100011100001101000
1976321,000000101011010000100000
1977601,000000110010111101110000
1978881,000000111010101000110010
1980161,000001000010010000010110
1981441,000001001001110100010000
1982721,000001010001011101000010
1984001,000001011000111011110010
1985281,000001100000010110100000
1986561,000001100111110000101010
1987841,000001101111000010101010
1989121,000001110110011001000000
1990401,000001111101100011010100
1991681,000010000100101100010110
1992961,000010001011101110001100
1994241,000010010010100101111010
1995521,000010011001011111110110
1996801,000010100000010011011100
1998081,000010100110111100001110
1999361,000010101101011110111000
2000641,000010110100000001100000
2001921,000010111010010111111100
2003201,000011000000100110010100
2004481,000011000110101111000000
2005761,000011001100110000010110
2007041,000011010010101000100000
2008321,000011011000011010010010
2009601,000011011110000001111010
2010881,000011100011100001110100
2012161,000011101000111010011110
2013441,000011101110000111111110
2014721,000011110011001011011110
2016001,000011111000000111011000
2017281,000011111100111010000000
2018561,000100000001100001110100
2019841,000100000101111111110110
2021121,000100001010010011011110
2022401,000100001110100000001100
2023681,000100010010011101110100
2024961,000100010110010011010110
2026241,000100011001111101011010
2027521,000100011101011101000000
2028801,000100100000110001001010
2030081,000100100011111011110110
2031361,000100100110110110111010
2032641,000100101001101010010000
2033921,000100101100010011000100
2035201,000100101110101101010110
2036481,000100110001000011111110
2037761,000100110011000100010010
2039041,000100110100110001010010
2040321,000100110110100110001010
2041601,000100111000000111000000
2042881,000100111001011010111110
2044161,000100111010100011110000
2045441,000100111011011111101010
2046721,000100111100010000000110
2048001,000100111100110010101010
2049281,000100111101001010111100
2050561,000100111101010110000000
2051841,000100111101010110011000
2053121,000100111101000111010000
2054401,000100111100110000000110
2055681,000100111100001001111010
2056961,000100111011010111110000
2058241,000100111010011001011110
2059521,000100111001001111110100
2060801,000100110111111010010000
2062081,000100110110010111111110
2063361,000100110100101011011100
2064641,000100110010101110110100
2065921,000100110000101001101000
2067201,000100101110010110101010
2068481,000100101011111100010100
2069761,000100101001010011100010
2071041,000100100110011101101100
2072321,000100100011011111010010
2073601,000100100000010011101000
2074881,000100011100111110100110
2076161,000100011001011101000100
2077441,000100010101101110001000
2078721,000100010001111110110010
2080001,000100001101111010100010
2081281,000100001001101100100000
2082561,000100000101011001110110
2083841,000100000000111000101000
2085121,000011111100001110111100
2086401,000011110111011101101100
2087681,000011110010011110100000
2088961,000011101101010111011010
2090241,000011101000001010010110
2091521,000011100010110000110010
2092801,000011011101001110010100
2094081,000011010111100101000110
2095361,000011010001110111101110
2096641,000011001011111010110000
2097921,000011000101111000000100
2099201,000010111111101110010010
2100481,000010111001011111001000
2101761,000010110011000101110010
2103041,000010101100100110010100
2104321,000010100110000001111110
2105601,000010011111010100100100
2106881,000010011000100011111110
2108161,000010010001101101101000
2109441,000010001010101010111100
2110721,000010000011101001101110
2112001,000001111100100010010010
2113281,000001110101010101110010
2114561,000001101110000010001010
2115841,000001100110110000001100
2117121,000001011111010011100110
2118401,000001010111111001011010
2119681,000001010000010111010100
2120961,000001001000110001001100
2122241,000001000001001011101110
2123521,000000111001100110100000
2124801,000000110001110111000000
2126081,000000101010001001101110
2127361,000000100010011100010000
2128641,000000011010101101000010
2129921,000000010010110101011010
2131201,000000001011001010111010
2132481,000000000011010111011000
2133761,111111111011100010101000
2135041,111111110011110001100010
2136321,111111101011111111110100
2137601,111111100100001101111000
2138881,111111011100100000011000
2140161,111111010100110000110000
2141441,111111001101000000110110
2142721,111111000101010111001000
2144001,111110111101110000100110
2145281,111110110110001010101110
2146561,111110101110100010010010
2147841,111110100111000101101000
2149121,111110011111100111001010
2150401,111110011000010001001000
2151681,111110010000110111010010
2152961,111110001001101011100110
2154241,111110000010011100011010
2155521,111101111011011000000110
2156801,111101110100010011011010
2158081,111101101101010101001000
2159361,111101100110011111011000
2160641,111101011111101110100100
2161921,111101011001000011000010
2163201,111101010010011110011010
2164481,111101001011111111010110
2165761,111101000101101001000000
2167041,111100111111011010100100
2168321,111100111001010000110100
2169601,111100110011010000110010
2170881,111100101101010110110100
2172161,111100100111100100100010
2173441,111100100001111101110100
2174721,111100011100011110010110
2176001,111100010111001000011010
2177281,111100010001110110111000
2178561,111100001100110011101110
2179841,111100000111111000101110
2181121,111100000011000110110010
2182401,111011111110011110101100
2183681,111011111001111110001000
2184961,111011110101101110010000
2186241,111011110001011110011110
2187521,111011101101100010000100
2188801,111011101001101100001000
2190081,111011100110000010111010
2191361,111011100010100011001110
2192641,111011011111001110110010
2193921,111011011100000100101110
2195201,111011011001000111111100
2196481,111011010110010110000000
2197761,111011010011101111000000
2199041,111011010001010000001000
2200321,111011001111000001111010
2201601,111011001100111101111000
2202881,111011001011001000011100
2204161,111011001001011001100100
2205441,111011000111111000101100
2206721,111011000110100100101100
2208001,111011000101011100010000
2209281,111011000100100000100000
2210561,111011000011101110101110
2211841,111011000011001101001100
2213121,111011000010110101111110
2214401,111011000010101001110100
2215681,111011000010101010100100
2216961,111011000010111001001010
2218241,111011000011010000001100
2219521,111011000011110101111110
2220801,111011000100100111011000
2222081,111011000101100110011000
2223361,111011000110101111110110
2224641,111011001000000101000010
2225921,111011001001101001010100
2227201,111011001011011010111110
2228481,111011001101001100010110
2229761,111011001111010101001100
2231041,111011010001101010110100
2232321,111011010100000010001010
2233601,111011010110101100110100
2234881,111011011001100001110010
2236161,111011011100100001101000
2237441,111011011111101011110000
2238721,111011100011000001100000
2240001,111011100110100010010110
2241281,111011101010001110110000
2242561,111011101110000110100000
2243841,111011110010000110110100
2245121,111011110110001111100100
2246401,111011111010101000111010
2247681,111011111111000110100110
2248961,111100000011101111100100
2250241,111100001000100010101100
2251521,111100001101100001101000
2252801,111100010010100111011010
2254081,111100010111110111000000
2255361,111100011101001111101110
2256641,111100100010101110111100
2257921,111100101000011001110110
2259201,111100101110001110010100
2260481,111100110100000101101110
2261761,111100111010000100111100
2263041,111101000000010001000010
2264321,111101000110011111011000
2265601,111101001100111011011000
2266881,111101010011011011001110
2268161,111101011001111101010100
2269441,111101100000101011011100
2270721,111101100111011100011110
2272001,111101101110010011100110
2273281,111101110101010010010110
2274561,111101111100010110010100
2275841,111110000011011110001100
2277121,111110001010101010101010
2278401,111110010001111011000110
2279681,111110011001010010011110
2280961,111110100000101011000110
2282241,111110101000000111101000
2283521,111110101111101000100000
2284801,111110110111001111011000
2286081,111110111110110100010000
2287361,111111000110011010101010
2288641,111111001110001000101000
2289921,111111010101110110011100
2291201,111111011101100100010000
2292481,111111100101010010010010
2293761,111111101101000011111110
2295041,111111110100111000100100
2296321,111111111100101011110100
2297601,000000000100011101000100
2298881,000000001100001101011000
2300161,000000010011111110011010
2301441,000000011011110011111110
2302721,000000100011100010001110
2304001,000000101011010010110000
2305281,000000110010111011101110
2306561,000000111010100101110010
2307841,000001000010010001100000
2309121,000001001001110101110110
2310401,000001010001011011111010
2311681,000001011000111010010000
2312961,000001100000011000111110
2314241,000001100111101111011100
2315521,000001101111000100010100
2316801,000001110110011000101010
2318081,000001111101100010101000
2319361,000010000100101001111010
2320641,000010001011101100000010
2321921,000010010010101001011110
2323201,000010011001100000111010
2324481,000010100000010010010110
2325761,000010100110111101011000
2327041,000010101101100001011010
2328321,000010110011111111001000
2329601,000010111010010111011110
2330881,000011000000100110001100
2332161,000011000110101101011010
2333441,000011001100101111111110
2334721,000011010010101001100110
2336001,000011011000011010111100
2337281,000011011110000001000100
2338561,000011100011100010011010
2339841,000011101000111001010100
2341121,000011101110001010011000
2342401,000011110011001101101100
2343681,000011111000000100000100
2344961,000011111100111000110100
2346241,000100000001100011000100
2347521,000100000110000000011000
2348801,000100001010010001010000
2350081,000100001110100001111100
2351361,000100010010011111000000
2352641,000100010110010010110100
2353921,000100011001111101011110
2355201,000100011101011100111100
2356481,000100100000110001110010
2357761,000100100011111001001100
2359041,000100100110111000110010
2360321,000100101001101010011110
2361601,000100101100010001111010
2362881,000100101110101110011000
2364161,000100110000111011110110
2365441,000100110010111111101010
2366721,000100110100111100111000
2368001,000100110110100111000110
2369281,000100111000000110111010
2370561,000100111001011010101110
2371841,000100111010100011011010
2373121,000100111011011111000110
2374401,000100111100001110100100
2375681,000100111100110100000100
2376961,000100111101001100000000
2378241,000100111101010110011000
2379521,000100111101010101100010
2380801,000100111101001000011010
2382081,000100111100101110110010
2383361,000100111100001001010100
2384641,000100111011010111000110
2385921,000100111010011011100010
2387201,000100111001010000000000
2388481,000100110111111001100110
2389761,000100110110010111110110
2391041,000100110100101110111110
2392321,000100110010101100010000
2393601,000100110000101000100010
2394881,000100101110011010001100
2396161,000100101011111010000000
2397441,000100101001010001101010
2398721,000100100110011110010000
2400001,000100100011011111101110
2401281,000100100000010011111000
2402561,000100011100111100111000
2403841,000100011001011110000110
2405121,000100010101110001000100
2406401,000100010001111010110000
2407681,000100001101110111111110
2408961,000100001001110000101000
2410241,000100000101011000101000
2411521,000100000000111010101000
2412801,000011111100001101100000
2414081,000011110111011110011100
2415361,000011110010011110000100
2416641,000011101101010110011110
2417921,000011101000001001111100
2419201,000011100010110001110000
2420481,000011011101010000111000
2421761,000011010111100101111110
2423041,000011010001110101010100
2424321,000011001011111001000100
2425601,000011000101111000100000
2426881,000010111111101111011100
2428161,000010111001011111100110
2429441,000010110011000100111100
2430721,000010101100100101010010
2432001,000010100110000001001100
2433281,000010011111010110101000
2434561,000010011000100001111000
2435841,000010010001101100100000
2437121,000010001010101011100100
2438401,000010000011101011000110
2439681,000001111100100011000100
2440961,000001110101011000100110
2442241,000001101110000000111110
2443521,000001100110101101100010
2444801,000001011111010101011110
2446081,000001010111110111010010
2447361,000001010000010110010000
2448641,000001001000110010111110
2449921,000001000001001101010110
2451201,000000111001100011101100
2452481,000000110001110111010100
2453761,000000101010001011111000
2455041,000000100010011010111010
2456321,000000011010101011000000
2457601,000000010010111100101010
2458881,000000001011000111111000
2460161,000000000011010101101110
2461441,111111111011100100000110
2462721,111111110011110000111100
2464001,111111101011111111010000
2465281,111111100100001110100110
2466561,111111011100011110111110
2467841,111111010100101111011000
2469121,111111001101000100100010
2470401,111111000101010110010110
2471681,111110111101101101111100
2472961,111110110110001011110010
2474241,111110101110100100000110
2475521,111110100111000100100110
2476801,111110011111100110111010
2478081,111110011000001101101110
2479361,111110010000110111001000
2480641,111110001001101110110010
2481921,111110000010011100111110
2483201,111101111011010011101100
2484481,111101110100010010010010
2485761,111101101101011011001100
2487041,111101100110011111111000
2488321,111101011111101110001100
2489601,111101011001000001000110
2490881,111101010010011100100100
2492161,111101001100000001110000
2493441,111101000101101001111010
2494721,111100111111011000010110
2496001,111100111001001110000100
2497281,111100110011010000000010
2498561,111100101101011010000110
2499841,111100100111101000101010
2501121,111100100001111101101010
2502401,111100011100011101010110
2503681,111100010111000101010010
2504961,111100010001110110011100
2506241,111100001100110100110000
2507521,111100000111111001001110
2508801,111100000011000110101110
2510081,111011111110011101111100
2511361,111011111010000000110000
2512641,111011110101101110010000
2513921,111011110001011101000100
2515201,111011101101100001111010
2516481,111011101001101100111110
2517761,111011100110000010110000
2519041,111011100010100011111000
2520321,111011011111001111000100
2521601,111011011100000101001110
2522881,111011011001000110100100
2524161,111011010110010101001000
2525441,111011010011101100010110
2526721,111011010001010101111000
2528001,111011001110111101110000
2529281,111011001100111011010010
2530561,111011001011001100110100
2531841,111011001001010111100110
2533121,111011000111111010111000
2534401,111011000110100110001000
2535681,111011000101011100000010
2536961,111011000100100000010000
2538241,111011000011110000010010
2539521,111011000011001100010010
2540801,111011000010110100011100
2542081,111011000010101010010000
2543361,111011000010101001011000
2544641,111011000010111000111000
2545921,111011000011010000101100
2547201,111011000011110110001000
2548481,111011000100101000101000
2549761,111011000101100110100010
2551041,111011000110101111011000
2552321,111011001000000111011010
2553601,111011001001100101110110
2554881,111011001011010111011100
2556161,111011001101001111100000
2557441,111011001111010110011000
2558721,111011010001100110001000
2560001,111011010100000101011110
2561281,111011010110101110011110
2562561,111011011001100001010000
2563841,111011011100100000111010
2565121,111011011111101100011000
2566401,111011100011000001100000
2567681,111011100110100011011110
2568961,111011101010010000101100
2570241,111011101110000101010000
2571521,111011110010001010101000
2572801,111011110110001011011100
2574081,111011111010100101010100
2575361,111011111111001000001100
2576641,111100000011110000011100
2577921,111100001000100010000000
2579201,111100001101100010000010
2580481,111100010010101000110000
2581761,111100010111110101100110
2583041,111100011101001110010110
2584321,111100100010110000010110
2585601,111100101000011001000010
2586881,111100101110001100111100
2588161,111100110100000100100110
2589441,111100111010001000101100
2590721,111101000000010001000010
2592001,111101000110100101111010
2593281,111101001100111000010110
2594561,111101010011010101111100
2595841,111101011001111111110100
2597121,111101100000101000011000
2598401,111101100111011110010110
2599681,111101101110010010000100
2600961,111101110101010110000110
2602241,111101111100010101011000
2603521,111110000011011101111100
2604801,111110001010101110011010
2606081,111110010001111000010100
2607361,111110011001001111101100
2608641,111110100000101011101100
2609921,111110101000001000111000
2611201,111110101111101001101010
2612481,111110110111001100010100
2613761,111110111110110011110000
2615041,111111000110011010111100
2616321,111111001110001000011110
2617601,111111010101110110110100
2618881,111111011101100100000010
2620161,111111100101010101001000
2621441,111111101101000010101000
2621515,111111110100111010001110
